,Age,Age,Fare
,mean,count,sum
Pclass,,,
1,38.233440860215055,186,18177.4125
2,29.87763005780347,173,3801.8417
3,25.14061971830986,355,6714.6951
